[
{
    "model": "workspace.direction",
    "pk": 1,
    "fields": {
        "direction": "Frontend"
    }
},
{
    "model": "workspace.direction",
    "pk": 2,
    "fields": {
        "direction": "Backend"
    }
},
{
    "model": "workspace.direction",
    "pk": 3,
    "fields": {
        "direction": "Design"
    }
},
{
    "model": "workspace.direction",
    "pk": 4,
    "fields": {
        "direction": "Project Management"
    }
},
{
    "model": "workspace.direction",
    "pk": 5,
    "fields": {
        "direction": "Quality Assurance"
    }
},
{
    "model": "workspace.direction",
    "pk": 6,
    "fields": {
        "direction": "Team Lead"
    }
},
{
    "model": "workspace.tasktype",
    "pk": 1,
    "fields": {
        "name": "Feature"
    }
},
{
    "model": "workspace.tasktype",
    "pk": 2,
    "fields": {
        "name": "Bugfix"
    }
},
{
    "model": "workspace.tasktype",
    "pk": 3,
    "fields": {
        "name": "Refactor"
    }
},
{
    "model": "workspace.tasktype",
    "pk": 4,
    "fields": {
        "name": "Documentation"
    }
},
{
    "model": "workspace.tasktype",
    "pk": 5,
    "fields": {
        "name": "Testing"
    }
},
{
    "model": "workspace.command",
    "pk": 1,
    "fields": {
        "name": "Frontend Wizards",
        "leader": 2,
        "created_at": "2024-01-10T10:00:00Z",
        "code": "FRONTENDCO"
    }
},
{
    "model": "workspace.command",
    "pk": 2,
    "fields": {
        "name": "Backend Masters",
        "leader": 3,
        "created_at": "2024-01-15T10:00:00Z",
        "code": "BACKENDCOR"
    }
},
{
    "model": "workspace.command",
    "pk": 3,
    "fields": {
        "name": "Design Gurus",
        "leader": 4,
        "created_at": "2024-02-01T10:00:00Z",
        "code": "DESIGNSTUD"
    }
},
{
    "model": "workspace.command",
    "pk": 4,
    "fields": {
        "name": "Management Pros",
        "leader": 5,
        "created_at": "2024-02-05T10:00:00Z",
        "code": "PROJECTMGT"
    }
},
{
    "model": "workspace.command",
    "pk": 5,
    "fields": {
        "name": "Quality Alliance",
        "leader": 6,
        "created_at": "2024-02-10T10:00:00Z",
        "code": "QAENGINEER"
    }
},
{
    "model": "workspace.command",
    "pk": 6,
    "fields": {
        "name": "Admins",
        "leader": 1,
        "created_at": null,
        "code": "ADMIN_CORP"
    }
},
{
    "model": "workspace.command",
    "pk": 7,
    "fields": {
        "name": "New Command",
        "leader": 30,
        "created_at": "2025-05-06T19:59:21.838Z",
        "code": "test00test"
    }
},
{
    "model": "workspace.worker",
    "pk": 1,
    "fields": {
        "password": "!",
        "last_login": null,
        "is_superuser": true,
        "username": "admin",
        "first_name": "Admin",
        "last_name": "User",
        "email": "admin@example.com",
        "is_staff": true,
        "is_active": true,
        "date_joined": "2024-01-01T10:00:00Z",
        "direction": null,
        "command": 6,
        "is_leader": true,
        "groups": [],
        "user_permissions": []
    }
},
{
    "model": "workspace.worker",
    "pk": 2,
    "fields": {
        "password": "pbkdf2_sha256$1000000$5pJxW9o1q3r7DbvaLbyYD6$uPrKOdC+7fDDxFcjMmcgSxmeSKIcpy/ZoKInsOn2oKc=",
        "last_login": "2025-05-06T21:37:21.858Z",
        "is_superuser": false,
        "username": "frontend_lead",
        "first_name": "Aragorn",
        "last_name": "Elessar",
        "email": "aragorn@example.com",
        "is_staff": false,
        "is_active": true,
        "date_joined": "2024-01-10T10:00:00Z",
        "direction": 6,
        "command": 1,
        "is_leader": true,
        "groups": [],
        "user_permissions": []
    }
},
{
    "model": "workspace.worker",
    "pk": 3,
    "fields": {
        "password": "pbkdf2_sha256$1000000$7B4w2OPTrB2mPKThU1gzfx$rO82isW7GpvgsMC04QMJofuraMxxzqRk1O5yZ1umQtc=",
        "last_login": "2025-05-06T17:13:57.093Z",
        "is_superuser": false,
        "username": "backend_lead",
        "first_name": "Gimli",
        "last_name": "Durin",
        "email": "gimli@example.com",
        "is_staff": false,
        "is_active": true,
        "date_joined": "2024-01-15T10:00:00Z",
        "direction": 6,
        "command": 2,
        "is_leader": true,
        "groups": [],
        "user_permissions": []
    }
},
{
    "model": "workspace.worker",
    "pk": 4,
    "fields": {
        "password": "!",
        "last_login": null,
        "is_superuser": false,
        "username": "design_lead",
        "first_name": "Galadriel",
        "last_name": "of Lorien",
        "email": "galadriel@example.com",
        "is_staff": false,
        "is_active": true,
        "date_joined": "2024-02-01T10:00:00Z",
        "direction": 6,
        "command": 3,
        "is_leader": true,
        "groups": [],
        "user_permissions": []
    }
},
{
    "model": "workspace.worker",
    "pk": 5,
    "fields": {
        "password": "!",
        "last_login": null,
        "is_superuser": false,
        "username": "pm_lead",
        "first_name": "Elrond",
        "last_name": "Half-elven",
        "email": "elrond@example.com",
        "is_staff": false,
        "is_active": true,
        "date_joined": "2024-02-05T10:00:00Z",
        "direction": 6,
        "command": 4,
        "is_leader": true,
        "groups": [],
        "user_permissions": []
    }
},
{
    "model": "workspace.worker",
    "pk": 6,
    "fields": {
        "password": "pbkdf2_sha256$1000000$SU60WYZ7nT8gN7v7zgzpcO$Xd7zGylaQvFkodf5ixRnyrE51oItuAZWX5emw61ndYU=",
        "last_login": "2025-05-08T13:45:30.015Z",
        "is_superuser": false,
        "username": "qa_lead",
        "first_name": "Bilbo",
        "last_name": "Baggins",
        "email": "bilbo@example.com",
        "is_staff": false,
        "is_active": true,
        "date_joined": "2024-02-10T10:00:00Z",
        "direction": 6,
        "command": 5,
        "is_leader": true,
        "groups": [],
        "user_permissions": []
    }
},
{
    "model": "workspace.worker",
    "pk": 7,
    "fields": {
        "password": "!",
        "last_login": null,
        "is_superuser": false,
        "username": "worker_fe_01",
        "first_name": "Frodo",
        "last_name": "Baggins",
        "email": "frodo.fe@example.com",
        "is_staff": false,
        "is_active": true,
        "date_joined": "2024-03-01T10:00:00Z",
        "direction": 1,
        "command": 1,
        "is_leader": false,
        "groups": [],
        "user_permissions": []
    }
},
{
    "model": "workspace.worker",
    "pk": 8,
    "fields": {
        "password": "!",
        "last_login": null,
        "is_superuser": false,
        "username": "worker_fe_02",
        "first_name": "Samwise",
        "last_name": "Gamgee",
        "email": "sam.fe@example.com",
        "is_staff": false,
        "is_active": true,
        "date_joined": "2024-03-01T10:10:00Z",
        "direction": 1,
        "command": 1,
        "is_leader": false,
        "groups": [],
        "user_permissions": []
    }
},
{
    "model": "workspace.worker",
    "pk": 9,
    "fields": {
        "password": "!",
        "last_login": null,
        "is_superuser": false,
        "username": "worker_fe_03",
        "first_name": "Pippin",
        "last_name": "Took",
        "email": "pippin.fe@example.com",
        "is_staff": false,
        "is_active": true,
        "date_joined": "2024-03-01T10:20:00Z",
        "direction": 1,
        "command": 1,
        "is_leader": false,
        "groups": [],
        "user_permissions": []
    }
},
{
    "model": "workspace.worker",
    "pk": 10,
    "fields": {
        "password": "!",
        "last_login": null,
        "is_superuser": false,
        "username": "worker_fe_04",
        "first_name": "Merry",
        "last_name": "Brandybuck",
        "email": "merry.fe@example.com",
        "is_staff": false,
        "is_active": true,
        "date_joined": "2024-03-01T10:30:00Z",
        "direction": 1,
        "command": 1,
        "is_leader": false,
        "groups": [],
        "user_permissions": []
    }
},
{
    "model": "workspace.worker",
    "pk": 11,
    "fields": {
        "password": "!",
        "last_login": null,
        "is_superuser": false,
        "username": "worker_fe_05",
        "first_name": "Legolas",
        "last_name": "Greenleaf",
        "email": "legolas.fe@example.com",
        "is_staff": false,
        "is_active": true,
        "date_joined": "2024-03-01T10:40:00Z",
        "direction": 1,
        "command": 1,
        "is_leader": false,
        "groups": [],
        "user_permissions": []
    }
},
{
    "model": "workspace.worker",
    "pk": 12,
    "fields": {
        "password": "!",
        "last_login": null,
        "is_superuser": false,
        "username": "worker_be_01",
        "first_name": "Boromir",
        "last_name": "Gondor",
        "email": "boromir.be@example.com",
        "is_staff": false,
        "is_active": true,
        "date_joined": "2024-03-05T10:00:00Z",
        "direction": 2,
        "command": 2,
        "is_leader": false,
        "groups": [],
        "user_permissions": []
    }
},
{
    "model": "workspace.worker",
    "pk": 13,
    "fields": {
        "password": "!",
        "last_login": null,
        "is_superuser": false,
        "username": "worker_be_02",
        "first_name": "Faramir",
        "last_name": "Gondor",
        "email": "faramir.be@example.com",
        "is_staff": false,
        "is_active": true,
        "date_joined": "2024-03-05T10:10:00Z",
        "direction": 2,
        "command": 2,
        "is_leader": false,
        "groups": [],
        "user_permissions": []
    }
},
{
    "model": "workspace.worker",
    "pk": 14,
    "fields": {
        "password": "!",
        "last_login": null,
        "is_superuser": false,
        "username": "worker_be_03",
        "first_name": "Gandalf",
        "last_name": "the Grey",
        "email": "gandalf.be@example.com",
        "is_staff": false,
        "is_active": true,
        "date_joined": "2024-03-05T10:20:00Z",
        "direction": 2,
        "command": 2,
        "is_leader": false,
        "groups": [],
        "user_permissions": []
    }
},
{
    "model": "workspace.worker",
    "pk": 15,
    "fields": {
        "password": "!",
        "last_login": null,
        "is_superuser": false,
        "username": "worker_be_04",
        "first_name": "Gollum",
        "last_name": "",
        "email": "gollum.be@example.com",
        "is_staff": false,
        "is_active": true,
        "date_joined": "2024-03-05T10:30:00Z",
        "direction": 2,
        "command": 2,
        "is_leader": false,
        "groups": [],
        "user_permissions": []
    }
},
{
    "model": "workspace.worker",
    "pk": 16,
    "fields": {
        "password": "!",
        "last_login": null,
        "is_superuser": false,
        "username": "worker_be_05",
        "first_name": "Saruman",
        "last_name": "the White",
        "email": "saruman.be@example.com",
        "is_staff": false,
        "is_active": true,
        "date_joined": "2024-03-05T10:40:00Z",
        "direction": 2,
        "command": 2,
        "is_leader": false,
        "groups": [],
        "user_permissions": []
    }
},
{
    "model": "workspace.worker",
    "pk": 17,
    "fields": {
        "password": "pbkdf2_sha256$1000000$R9sAioXC8Qj2vjvKyUksbu$A5i25816QVa0LYifugAHqDb4bJQ5YPQX4QU1vRebEa4=",
        "last_login": "2025-05-04T19:48:23.936Z",
        "is_superuser": false,
        "username": "worker_design_01",
        "first_name": "Lurtz",
        "last_name": "",
        "email": "lurtz.de@example.com",
        "is_staff": false,
        "is_active": true,
        "date_joined": "2024-03-10T10:00:00Z",
        "direction": 3,
        "command": 3,
        "is_leader": false,
        "groups": [],
        "user_permissions": []
    }
},
{
    "model": "workspace.worker",
    "pk": 18,
    "fields": {
        "password": "!",
        "last_login": null,
        "is_superuser": false,
        "username": "worker_design_02",
        "first_name": "Grima",
        "last_name": "Wormtongue",
        "email": "grima.de@example.com",
        "is_staff": false,
        "is_active": true,
        "date_joined": "2024-03-10T10:10:00Z",
        "direction": 3,
        "command": 3,
        "is_leader": false,
        "groups": [],
        "user_permissions": []
    }
},
{
    "model": "workspace.worker",
    "pk": 19,
    "fields": {
        "password": "!",
        "last_login": null,
        "is_superuser": false,
        "username": "worker_design_03",
        "first_name": "Shelob",
        "last_name": "",
        "email": "shelob.de@example.com",
        "is_staff": false,
        "is_active": true,
        "date_joined": "2024-03-10T10:20:00Z",
        "direction": 3,
        "command": 3,
        "is_leader": false,
        "groups": [],
        "user_permissions": []
    }
},
{
    "model": "workspace.worker",
    "pk": 20,
    "fields": {
        "password": "!",
        "last_login": null,
        "is_superuser": false,
        "username": "worker_design_04",
        "first_name": "Mouth",
        "last_name": "of Sauron",
        "email": "mouth.de@example.com",
        "is_staff": false,
        "is_active": true,
        "date_joined": "2024-03-10T10:30:00Z",
        "direction": 3,
        "command": 3,
        "is_leader": false,
        "groups": [],
        "user_permissions": []
    }
},
{
    "model": "workspace.worker",
    "pk": 21,
    "fields": {
        "password": "!",
        "last_login": null,
        "is_superuser": false,
        "username": "worker_design_05",
        "first_name": "Nazgûl",
        "last_name": "",
        "email": "nazgul.de@example.com",
        "is_staff": false,
        "is_active": true,
        "date_joined": "2024-03-10T10:40:00Z",
        "direction": 3,
        "command": 3,
        "is_leader": false,
        "groups": [],
        "user_permissions": []
    }
},
{
    "model": "workspace.worker",
    "pk": 22,
    "fields": {
        "password": "!",
        "last_login": null,
        "is_superuser": false,
        "username": "worker_pm_01",
        "first_name": "Denethor",
        "last_name": "Steward",
        "email": "denethor.pm@example.com",
        "is_staff": false,
        "is_active": true,
        "date_joined": "2024-03-15T10:00:00Z",
        "direction": 4,
        "command": 4,
        "is_leader": false,
        "groups": [],
        "user_permissions": []
    }
},
{
    "model": "workspace.worker",
    "pk": 23,
    "fields": {
        "password": "!",
        "last_login": null,
        "is_superuser": false,
        "username": "worker_pm_02",
        "first_name": "Théoden",
        "last_name": "King",
        "email": "theoden.pm@example.com",
        "is_staff": false,
        "is_active": true,
        "date_joined": "2024-03-15T10:10:00Z",
        "direction": 4,
        "command": 4,
        "is_leader": false,
        "groups": [],
        "user_permissions": []
    }
},
{
    "model": "workspace.worker",
    "pk": 24,
    "fields": {
        "password": "!",
        "last_login": null,
        "is_superuser": false,
        "username": "worker_pm_03",
        "first_name": "Éomer",
        "last_name": "",
        "email": "eomer.pm@example.com",
        "is_staff": false,
        "is_active": true,
        "date_joined": "2024-03-15T10:20:00Z",
        "direction": 4,
        "command": 4,
        "is_leader": false,
        "groups": [],
        "user_permissions": []
    }
},
{
    "model": "workspace.worker",
    "pk": 25,
    "fields": {
        "password": "!",
        "last_login": null,
        "is_superuser": false,
        "username": "worker_qa_01",
        "first_name": "Éowyn",
        "last_name": "",
        "email": "eowyn.qa@example.com",
        "is_staff": false,
        "is_active": true,
        "date_joined": "2024-03-20T10:00:00Z",
        "direction": 5,
        "command": 5,
        "is_leader": false,
        "groups": [],
        "user_permissions": []
    }
},
{
    "model": "workspace.worker",
    "pk": 26,
    "fields": {
        "password": "!",
        "last_login": null,
        "is_superuser": false,
        "username": "worker_qa_02",
        "first_name": "Treebeard",
        "last_name": "",
        "email": "treebeard.qa@example.com",
        "is_staff": false,
        "is_active": true,
        "date_joined": "2024-03-20T10:10:00Z",
        "direction": 5,
        "command": 5,
        "is_leader": false,
        "groups": [],
        "user_permissions": []
    }
},
{
    "model": "workspace.worker",
    "pk": 27,
    "fields": {
        "password": "pbkdf2_sha256$1000000$wu1n6g9auGu0SkcgFVhUgm$UXCU+/tKDr7/J4qhd6fxE26E/Nw2Wggn18DCX7y2dhA=",
        "last_login": "2025-05-06T22:25:10.105Z",
        "is_superuser": false,
        "username": "worker_qa_03",
        "first_name": "Radagast",
        "last_name": "the Brown",
        "email": "radagast.qa@example.com",
        "is_staff": false,
        "is_active": true,
        "date_joined": "2024-03-20T10:20:00Z",
        "direction": 5,
        "command": 5,
        "is_leader": false,
        "groups": [],
        "user_permissions": []
    }
},
{
    "model": "workspace.project",
    "pk": 1,
    "fields": {
        "title": "E-commerce Frontend Revamp",
        "description": "Complete redesign and re-implementation of the e-commerce platform's frontend user interface.",
        "start_date": "2024-04-01",
        "command": 1
    }
},
{
    "model": "workspace.project",
    "pk": 2,
    "fields": {
        "title": "API Gateway Development",
        "description": "Develop a robust and scalable API gateway to manage microservices communication.",
        "start_date": "2024-04-15",
        "command": 2
    }
},
{
    "model": "workspace.project",
    "pk": 3,
    "fields": {
        "title": "Brand Identity Redesign",
        "description": "Comprehensive redesign of company brand assets, logo, and visual guidelines.",
        "start_date": "2024-04-20",
        "command": 3
    }
},
{
    "model": "workspace.project",
    "pk": 4,
    "fields": {
        "title": "Q2 Initiative Planning",
        "description": "Strategic planning and coordination for all key initiatives in the second quarter.",
        "start_date": "2024-04-25",
        "command": 4
    }
},
{
    "model": "workspace.project",
    "pk": 5,
    "fields": {
        "title": "Automated Testing Framework Implementation",
        "description": "Set up and configure a new automated testing framework for the main application.",
        "start_date": "2024-05-01",
        "command": 5
    }
},
{
    "model": "workspace.project",
    "pk": 6,
    "fields": {
        "title": "Mobile App Feature X",
        "description": "Develop and integrate feature X into the existing mobile application.",
        "start_date": "2024-05-05",
        "command": 1
    }
},
{
    "model": "workspace.project",
    "pk": 7,
    "fields": {
        "title": "Database Optimization Backend Task",
        "description": "Analyze and optimize database queries and schema for improved performance.",
        "start_date": "2024-05-10",
        "command": 2
    }
},
{
    "model": "workspace.project",
    "pk": 8,
    "fields": {
        "title": "Website Landing Page Design",
        "description": "Create engaging and conversion-focused designs for new marketing landing pages.",
        "start_date": "2024-05-15",
        "command": 3
    }
},
{
    "model": "workspace.project",
    "pk": 9,
    "fields": {
        "title": "Cross-Team Workflow Improvement",
        "description": "Analyze and streamline workflows between different functional teams.",
        "start_date": "2024-05-20",
        "command": 4
    }
},
{
    "model": "workspace.project",
    "pk": 10,
    "fields": {
        "title": "Regression Test Suite Update",
        "description": "Update and expand the existing regression test suite for recent features.",
        "start_date": "2024-05-25",
        "command": 5
    }
},
{
    "model": "workspace.project",
    "pk": 11,
    "fields": {
        "title": "Admin Panel UI Improvements",
        "description": "Enhance the usability and design of the internal admin panel.",
        "start_date": "2024-06-01",
        "command": 1
    }
},
{
    "model": "workspace.project",
    "pk": 12,
    "fields": {
        "title": "Microservice for Notifications",
        "description": "Develop a dedicated microservice for handling user notifications.",
        "start_date": "2024-06-05",
        "command": 2
    }
},
{
    "model": "workspace.project",
    "pk": 13,
    "fields": {
        "title": "Email Template Redesign",
        "description": "Redesign transactional and marketing email templates.",
        "start_date": "2024-06-10",
        "command": 3
    }
},
{
    "model": "workspace.project",
    "pk": 14,
    "fields": {
        "title": "Risk Assessment and Mitigation Planning",
        "description": "Identify potential risks for upcoming projects and plan mitigation strategies.",
        "start_date": "2024-06-15",
        "command": 4
    }
},
{
    "model": "workspace.project",
    "pk": 15,
    "fields": {
        "title": "Performance Testing Setup",
        "description": "Set up infrastructure and scripts for performance testing.",
        "start_date": "2024-06-20",
        "command": 5
    }
},
{
    "model": "workspace.project",
    "pk": 16,
    "fields": {
        "title": "test Project for archive",
        "description": "test test",
        "start_date": "2009-09-28",
        "command": 1
    }
},
{
    "model": "workspace.task",
    "pk": 1,
    "fields": {
        "project": 1,
        "title": "Implement Homepage Hero Section",
        "description": "Develop the responsive hero section based on design mockups.",
        "task_type": 1,
        "status": "in_progress",
        "stage_of_execution": 50,
        "execution_status": 55,
        "assigned_to": 7,
        "created_at": "2024-04-05T10:00:00Z",
        "direction": 1,
        "deadline": "2024-04-20",
        "github_link": "https://github.com/task",
        "link_to_solution": null
    }
},
{
    "model": "workspace.task",
    "pk": 2,
    "fields": {
        "project": 1,
        "title": "Develop Product Listing Component",
        "description": "Create a reusable component for displaying product lists.",
        "task_type": 1,
        "status": "to_do",
        "stage_of_execution": 25,
        "execution_status": 0,
        "assigned_to": null,
        "created_at": "2024-04-08T10:00:00Z",
        "direction": 1,
        "deadline": "2024-04-25",
        "github_link": "https://github.com/task",
        "link_to_solution": null
    }
},
{
    "model": "workspace.task",
    "pk": 3,
    "fields": {
        "project": 1,
        "title": "Integrate Cart Functionality",
        "description": "Connect frontend cart UI with backend APIs.",
        "task_type": 1,
        "status": "in_progress",
        "stage_of_execution": 50,
        "execution_status": 90,
        "assigned_to": 9,
        "created_at": "2024-04-10T10:00:00Z",
        "direction": 1,
        "deadline": "2024-04-22",
        "github_link": "https://github.com/task",
        "link_to_solution": ""
    }
},
{
    "model": "workspace.task",
    "pk": 4,
    "fields": {
        "project": 1,
        "title": "Fix Mobile Responsiveness Issues",
        "description": "Address layout and styling problems on various mobile devices.",
        "task_type": 2,
        "status": "done",
        "stage_of_execution": 100,
        "execution_status": 100,
        "assigned_to": 10,
        "created_at": "2024-04-12T10:00:00Z",
        "direction": 1,
        "deadline": "2024-04-18",
        "github_link": "https://github.com/task",
        "link_to_solution": "https://github.com/solution"
    }
},
{
    "model": "workspace.task",
    "pk": 5,
    "fields": {
        "project": 1,
        "title": "Write Frontend Unit Tests",
        "description": "Add unit tests for key components and functions.",
        "task_type": 5,
        "status": "in_progress",
        "stage_of_execution": 50,
        "execution_status": 30,
        "assigned_to": 11,
        "created_at": "2024-04-15T10:00:00Z",
        "direction": 1,
        "deadline": "2024-05-01",
        "github_link": "https://github.com/task",
        "link_to_solution": null
    }
},
{
    "model": "workspace.task",
    "pk": 6,
    "fields": {
        "project": 2,
        "title": "Develop User Service API",
        "description": "Create REST API endpoints for user management.",
        "task_type": 1,
        "status": "done",
        "stage_of_execution": 100,
        "execution_status": 100,
        "assigned_to": 12,
        "created_at": "2024-04-18T10:00:00Z",
        "direction": 2,
        "deadline": "2024-04-30",
        "github_link": "https://github.com/task",
        "link_to_solution": "https://github.com/solution"
    }
},
{
    "model": "workspace.task",
    "pk": 7,
    "fields": {
        "project": 2,
        "title": "Implement Authentication Logic",
        "description": "Add authentication and authorization checks to API endpoints.",
        "task_type": 1,
        "status": "in_progress",
        "stage_of_execution": 50,
        "execution_status": 60,
        "assigned_to": 13,
        "created_at": "2024-04-20T10:00:00Z",
        "direction": 2,
        "deadline": "2024-05-10",
        "github_link": "https://github.com/task",
        "link_to_solution": null
    }
},
{
    "model": "workspace.task",
    "pk": 8,
    "fields": {
        "project": 2,
        "title": "Set up Database Connection",
        "description": "Configure database connection and ORM.",
        "task_type": 1,
        "status": "done",
        "stage_of_execution": 100,
        "execution_status": 100,
        "assigned_to": 14,
        "created_at": "2024-04-16T10:00:00Z",
        "direction": 2,
        "deadline": "2024-04-25",
        "github_link": "https://github.com/task",
        "link_to_solution": "https://github.com/solution"
    }
},
{
    "model": "workspace.task",
    "pk": 9,
    "fields": {
        "project": 2,
        "title": "Write Backend API Documentation",
        "description": "Document the user authentication API using Swagger.",
        "task_type": 4,
        "status": "to_do",
        "stage_of_execution": 25,
        "execution_status": 0,
        "assigned_to": null,
        "created_at": "2024-05-01T10:00:00Z",
        "direction": 4,
        "deadline": "2024-05-15",
        "github_link": "https://github.com/task",
        "link_to_solution": null
    }
},
{
    "model": "workspace.task",
    "pk": 10,
    "fields": {
        "project": 2,
        "title": "Backend Integration Tests",
        "description": "Write integration tests for API endpoints.",
        "task_type": 5,
        "status": "in_progress",
        "stage_of_execution": 50,
        "execution_status": 20,
        "assigned_to": 25,
        "created_at": "2024-05-03T10:00:00Z",
        "direction": 5,
        "deadline": "2024-05-18",
        "github_link": "https://github.com/task",
        "link_to_solution": null
    }
},
{
    "model": "workspace.task",
    "pk": 11,
    "fields": {
        "project": 3,
        "title": "Design Logo Variations",
        "description": "Create several variations of the new company logo.",
        "task_type": 3,
        "status": "done",
        "stage_of_execution": 100,
        "execution_status": 100,
        "assigned_to": 17,
        "created_at": "2024-04-22T10:00:00Z",
        "direction": 3,
        "deadline": "2024-04-30",
        "github_link": "https://github.com/task",
        "link_to_solution": "https://github.com/solution"
    }
},
{
    "model": "workspace.task",
    "pk": 12,
    "fields": {
        "project": 3,
        "title": "Develop Style Guide",
        "description": "Compile a comprehensive visual style guide.",
        "task_type": 4,
        "status": "in_progress",
        "stage_of_execution": 50,
        "execution_status": 80,
        "assigned_to": 18,
        "created_at": "2024-04-25T10:00:00Z",
        "direction": 3,
        "deadline": "2024-05-10",
        "github_link": "https://github.com/task",
        "link_to_solution": null
    }
},
{
    "model": "workspace.task",
    "pk": 13,
    "fields": {
        "project": 3,
        "title": "Design Marketing Materials",
        "description": "Create initial designs for marketing brochures and banners.",
        "task_type": 3,
        "status": "to_do",
        "stage_of_execution": 25,
        "execution_status": 0,
        "assigned_to": null,
        "created_at": "2024-05-01T10:00:00Z",
        "direction": 3,
        "deadline": "2024-05-20",
        "github_link": "https://github.com/task",
        "link_to_solution": null
    }
},
{
    "model": "workspace.task",
    "pk": 14,
    "fields": {
        "project": 3,
        "title": "Design Social Media Assets",
        "description": "Create templates for social media graphics.",
        "task_type": 3,
        "status": "in_progress",
        "stage_of_execution": 50,
        "execution_status": 40,
        "assigned_to": 20,
        "created_at": "2024-05-05T10:00:00Z",
        "direction": 3,
        "deadline": "2024-05-18",
        "github_link": "https://github.com/task",
        "link_to_solution": null
    }
},
{
    "model": "workspace.task",
    "pk": 15,
    "fields": {
        "project": 4,
        "title": "Define Q2 Project Scope",
        "description": "Finalize scope and deliverables for all Q2 projects.",
        "task_type": 4,
        "status": "done",
        "stage_of_execution": 100,
        "execution_status": 100,
        "assigned_to": 22,
        "created_at": "2024-04-26T10:00:00Z",
        "direction": 4,
        "deadline": "2024-04-30",
        "github_link": "https://github.com/task",
        "link_to_solution": "https://github.com/solution"
    }
},
{
    "model": "workspace.task",
    "pk": 16,
    "fields": {
        "project": 4,
        "title": "Allocate Resources for Q2",
        "description": "Assign team members and resources to Q2 projects.",
        "task_type": 4,
        "status": "in_progress",
        "stage_of_execution": 50,
        "execution_status": 85,
        "assigned_to": 23,
        "created_at": "2024-05-01T10:00:00Z",
        "direction": 4,
        "deadline": "2024-05-10",
        "github_link": "https://github.com/task",
        "link_to_solution": null
    }
},
{
    "model": "workspace.task",
    "pk": 17,
    "fields": {
        "project": 4,
        "title": "Develop Project Timelines",
        "description": "Create detailed timelines and milestones for Q2 projects.",
        "task_type": 4,
        "status": "to_do",
        "stage_of_execution": 25,
        "execution_status": 0,
        "assigned_to": null,
        "created_at": "2024-05-05T10:00:00Z",
        "direction": 4,
        "deadline": "2024-05-18",
        "github_link": "https://github.com/task",
        "link_to_solution": null
    }
},
{
    "model": "workspace.task",
    "pk": 18,
    "fields": {
        "project": 5,
        "title": "Research Testing Tools",
        "description": "Evaluate potential automated testing frameworks and tools.",
        "task_type": 4,
        "status": "done",
        "stage_of_execution": 100,
        "execution_status": 100,
        "assigned_to": 25,
        "created_at": "2024-05-02T10:00:00Z",
        "direction": 5,
        "deadline": "2024-05-08",
        "github_link": "https://github.com/task",
        "link_to_solution": "https://github.com/solution"
    }
},
{
    "model": "workspace.task",
    "pk": 19,
    "fields": {
        "project": 5,
        "title": "Setup CI/CD Integration",
        "description": "Configure the automated testing framework to run in the CI/CD pipeline.",
        "task_type": 5,
        "status": "in_progress",
        "stage_of_execution": 50,
        "execution_status": 50,
        "assigned_to": 26,
        "created_at": "2024-05-10T10:00:00Z",
        "direction": 5,
        "deadline": "2024-05-25",
        "github_link": "https://github.com/task",
        "link_to_solution": null
    }
},
{
    "model": "workspace.task",
    "pk": 20,
    "fields": {
        "project": 5,
        "title": "Write Initial Test Cases",
        "description": "Develop initial automated test cases for core functionalities.",
        "task_type": 5,
        "status": "done",
        "stage_of_execution": 100,
        "execution_status": 100,
        "assigned_to": 27,
        "created_at": "2024-05-15T10:00:00Z",
        "direction": 5,
        "deadline": "2024-06-01",
        "github_link": "https://github.com/task",
        "link_to_solution": "https://github.com/solution"
    }
},
{
    "model": "workspace.task",
    "pk": 21,
    "fields": {
        "project": 6,
        "title": "Implement Feature X UI",
        "description": "Develop the user interface for Feature X.",
        "task_type": 1,
        "status": "in_progress",
        "stage_of_execution": 50,
        "execution_status": 20,
        "assigned_to": 7,
        "created_at": "2024-05-08T10:00:00Z",
        "direction": 1,
        "deadline": "2024-05-22",
        "github_link": "https://github.com/task",
        "link_to_solution": null
    }
},
{
    "model": "workspace.task",
    "pk": 22,
    "fields": {
        "project": 6,
        "title": "Frontend Unit Tests for Feature X",
        "description": "Write unit tests for Feature X frontend components.",
        "task_type": 5,
        "status": "to_do",
        "stage_of_execution": 25,
        "execution_status": 0,
        "assigned_to": null,
        "created_at": "2024-05-10T10:00:00Z",
        "direction": 1,
        "deadline": "2024-05-28",
        "github_link": "https://github.com/task",
        "link_to_solution": null
    }
},
{
    "model": "workspace.task",
    "pk": 23,
    "fields": {
        "project": 7,
        "title": "Analyze Slow Database Queries",
        "description": "Identify and analyze database queries with poor performance.",
        "task_type": 4,
        "status": "in_progress",
        "stage_of_execution": 50,
        "execution_status": 70,
        "assigned_to": 13,
        "created_at": "2024-05-12T10:00:00Z",
        "direction": 2,
        "deadline": "2024-05-20",
        "github_link": "https://github.com/task",
        "link_to_solution": null
    }
},
{
    "model": "workspace.task",
    "pk": 24,
    "fields": {
        "project": 7,
        "title": "Optimize Product Data Queries",
        "description": "Refactor and optimize queries for fetching product data.",
        "task_type": 2,
        "status": "to_do",
        "stage_of_execution": 25,
        "execution_status": 0,
        "assigned_to": null,
        "created_at": "2024-05-15T10:00:00Z",
        "direction": 2,
        "deadline": "2024-06-01",
        "github_link": "https://github.com/task",
        "link_to_solution": null
    }
},
{
    "model": "workspace.task",
    "pk": 25,
    "fields": {
        "project": 8,
        "title": "Design Homepage Banner Graphics",
        "description": "Create graphics for the homepage banners.",
        "task_type": 3,
        "status": "in_progress",
        "stage_of_execution": 50,
        "execution_status": 95,
        "assigned_to": 19,
        "created_at": "2024-05-18T10:00:00Z",
        "direction": 3,
        "deadline": "2024-05-25",
        "github_link": "https://github.com/task",
        "link_to_solution": ""
    }
},
{
    "model": "workspace.task",
    "pk": 26,
    "fields": {
        "project": 8,
        "title": "Design Landing Page Layouts",
        "description": "Develop layout designs for various landing pages.",
        "task_type": 3,
        "status": "in_progress",
        "stage_of_execution": 50,
        "execution_status": 50,
        "assigned_to": 20,
        "created_at": "2024-05-20T10:00:00Z",
        "direction": 3,
        "deadline": "2024-06-05",
        "github_link": "https://github.com/task",
        "link_to_solution": null
    }
},
{
    "model": "workspace.task",
    "pk": 27,
    "fields": {
        "project": 9,
        "title": "Analyze Current Workflow Bottlenecks",
        "description": "Gather feedback and data to identify workflow bottlenecks.",
        "task_type": 4,
        "status": "done",
        "stage_of_execution": 100,
        "execution_status": 100,
        "assigned_to": 24,
        "created_at": "2024-05-26T10:00:00Z",
        "direction": 4,
        "deadline": "2024-05-30",
        "github_link": "https://github.com/task",
        "link_to_solution": "https://github.com/solution"
    }
},
{
    "model": "workspace.task",
    "pk": 28,
    "fields": {
        "project": 9,
        "title": "Propose Workflow Improvements",
        "description": "Develop proposals for improving cross-team workflows.",
        "task_type": 4,
        "status": "to_do",
        "stage_of_execution": 25,
        "execution_status": 0,
        "assigned_to": null,
        "created_at": "2024-06-01T10:00:00Z",
        "direction": 4,
        "deadline": "2024-06-15",
        "github_link": "https://github.com/task",
        "link_to_solution": null
    }
},
{
    "model": "workspace.task",
    "pk": 29,
    "fields": {
        "project": 10,
        "title": "Update User Module Tests",
        "description": "Update regression tests for the user authentication module.",
        "task_type": 5,
        "status": "in_progress",
        "stage_of_execution": 50,
        "execution_status": 80,
        "assigned_to": 26,
        "created_at": "2024-05-28T10:00:00Z",
        "direction": 5,
        "deadline": "2024-06-10",
        "github_link": "https://github.com/task",
        "link_to_solution": null
    }
},
{
    "model": "workspace.task",
    "pk": 30,
    "fields": {
        "project": 10,
        "title": "Review Test Case Coverage",
        "description": "Analyze existing test cases for coverage gaps.",
        "task_type": 4,
        "status": "to_do",
        "stage_of_execution": 25,
        "execution_status": 0,
        "assigned_to": null,
        "created_at": "2024-06-01T10:00:00Z",
        "direction": 5,
        "deadline": "2024-06-18",
        "github_link": "https://github.com/task",
        "link_to_solution": null
    }
},
{
    "model": "workspace.task",
    "pk": 31,
    "fields": {
        "project": 11,
        "title": "Implement Admin Dashboard UI",
        "description": "Develop frontend UI for the admin dashboard.",
        "task_type": 1,
        "status": "in_progress",
        "stage_of_execution": 50,
        "execution_status": 50,
        "assigned_to": 7,
        "created_at": "2024-06-03T10:00:00Z",
        "direction": 1,
        "deadline": "2024-06-20",
        "github_link": "https://github.com/task",
        "link_to_solution": null
    }
},
{
    "model": "workspace.task",
    "pk": 32,
    "fields": {
        "project": 11,
        "title": "Create Reusable Admin Components",
        "description": "Develop reusable UI components for the admin panel.",
        "task_type": 1,
        "status": "to_do",
        "stage_of_execution": 25,
        "execution_status": 0,
        "assigned_to": null,
        "created_at": "2024-06-05T10:00:00Z",
        "direction": 1,
        "deadline": "2024-06-28",
        "github_link": "https://github.com/task",
        "link_to_solution": null
    }
},
{
    "model": "workspace.task",
    "pk": 33,
    "fields": {
        "project": 12,
        "title": "Design Notifications Database Schema",
        "description": "Create database schema for storing notification data.",
        "task_type": 3,
        "status": "done",
        "stage_of_execution": 100,
        "execution_status": 100,
        "assigned_to": 12,
        "created_at": "2024-06-06T10:00:00Z",
        "direction": 2,
        "deadline": "2024-06-15",
        "github_link": "https://github.com/task",
        "link_to_solution": "https://github.com/solution"
    }
},
{
    "model": "workspace.task",
    "pk": 34,
    "fields": {
        "project": 12,
        "title": "Implement Notification Sending Logic",
        "description": "Develop backend logic for sending notifications (email, push).",
        "task_type": 1,
        "status": "in_progress",
        "stage_of_execution": 50,
        "execution_status": 30,
        "assigned_to": 13,
        "created_at": "2024-06-10T10:00:00Z",
        "direction": 2,
        "deadline": "2024-06-28",
        "github_link": "https://github.com/task",
        "link_to_solution": null
    }
},
{
    "model": "workspace.task",
    "pk": 35,
    "fields": {
        "project": 13,
        "title": "Design Transactional Email Templates",
        "description": "Create visual designs for transactional emails (order confirmation, etc.).",
        "task_type": 3,
        "status": "code_review",
        "stage_of_execution": 75,
        "execution_status": 100,
        "assigned_to": 17,
        "created_at": "2024-06-12T10:00:00Z",
        "direction": 3,
        "deadline": "2024-06-25",
        "github_link": "https://github.com/task",
        "link_to_solution": "https://github.com/solution"
    }
},
{
    "model": "workspace.task",
    "pk": 36,
    "fields": {
        "project": 13,
        "title": "Design Marketing Email Templates",
        "description": "Create visual designs for marketing email campaigns.",
        "task_type": 3,
        "status": "to_do",
        "stage_of_execution": 25,
        "execution_status": 0,
        "assigned_to": null,
        "created_at": "2024-06-15T10:00:00Z",
        "direction": 3,
        "deadline": "2024-07-01",
        "github_link": "https://github.com/task",
        "link_to_solution": null
    }
},
{
    "model": "workspace.task",
    "pk": 37,
    "fields": {
        "project": 14,
        "title": "Identify Project Risks",
        "description": "Conduct brainstorming session to identify potential project risks.",
        "task_type": 4,
        "status": "done",
        "stage_of_execution": 100,
        "execution_status": 100,
        "assigned_to": 22,
        "created_at": "2024-06-18T10:00:00Z",
        "direction": 4,
        "deadline": "2024-06-22",
        "github_link": "https://github.com/task",
        "link_to_solution": "https://github.com/solution"
    }
},
{
    "model": "workspace.task",
    "pk": 38,
    "fields": {
        "project": 14,
        "title": "Develop Risk Mitigation Plans",
        "description": "Create plans to mitigate identified project risks.",
        "task_type": 4,
        "status": "in_progress",
        "stage_of_execution": 50,
        "execution_status": 80,
        "assigned_to": 5,
        "created_at": "2024-06-20T10:00:00Z",
        "direction": 4,
        "deadline": "2024-07-05",
        "github_link": "https://github.com/task",
        "link_to_solution": null
    }
},
{
    "model": "workspace.task",
    "pk": 39,
    "fields": {
        "project": 15,
        "title": "Setup Performance Testing Environment",
        "description": "Configure the necessary infrastructure for performance tests.",
        "task_type": 5,
        "status": "in_progress",
        "stage_of_execution": 50,
        "execution_status": 50,
        "assigned_to": 25,
        "created_at": "2024-06-22T10:00:00Z",
        "direction": 5,
        "deadline": "2024-07-10",
        "github_link": "https://github.com/task",
        "link_to_solution": null
    }
},
{
    "model": "workspace.task",
    "pk": 40,
    "fields": {
        "project": 15,
        "title": "Develop Key Performance Scenarios",
        "description": "Define key user scenarios for performance testing.",
        "task_type": 4,
        "status": "to_do",
        "stage_of_execution": 25,
        "execution_status": 0,
        "assigned_to": null,
        "created_at": "2024-06-25T10:00:00Z",
        "direction": 5,
        "deadline": "2024-07-15",
        "github_link": "https://github.com/task",
        "link_to_solution": null
    }
},
{
    "model": "workspace.task",
    "pk": 41,
    "fields": {
        "project": 1,
        "title": "Refactor CSS Architecture",
        "description": "Improve the structure and maintainability of the CSS codebase.",
        "task_type": 3,
        "status": "to_do",
        "stage_of_execution": 25,
        "execution_status": 0,
        "assigned_to": null,
        "created_at": "2024-07-01T10:00:00Z",
        "direction": 1,
        "deadline": "2024-07-20",
        "github_link": "https://github.com/task",
        "link_to_solution": null
    }
},
{
    "model": "workspace.task",
    "pk": 42,
    "fields": {
        "project": 2,
        "title": "Add Logging to Microservices",
        "description": "Implement consistent logging across all backend microservices.",
        "task_type": 1,
        "status": "in_progress",
        "stage_of_execution": 50,
        "execution_status": 20,
        "assigned_to": 15,
        "created_at": "2024-07-05T10:00:00Z",
        "direction": 2,
        "deadline": "2024-07-25",
        "github_link": "https://github.com/task",
        "link_to_solution": null
    }
},
{
    "model": "workspace.task",
    "pk": 43,
    "fields": {
        "project": 3,
        "title": "Design Icons Set",
        "description": "Create a custom set of icons for the application.",
        "task_type": 3,
        "status": "to_do",
        "stage_of_execution": 25,
        "execution_status": 0,
        "assigned_to": null,
        "created_at": "2024-07-10T10:00:00Z",
        "direction": 3,
        "deadline": "2024-07-30",
        "github_link": "https://github.com/task",
        "link_to_solution": null
    }
},
{
    "model": "workspace.task",
    "pk": 44,
    "fields": {
        "project": 4,
        "title": "Facilitate Stand-up Meetings",
        "description": "Lead daily stand-up meetings for Project X.",
        "task_type": 4,
        "status": "in_progress",
        "stage_of_execution": 50,
        "execution_status": 50,
        "assigned_to": 23,
        "created_at": "2024-07-15T10:00:00Z",
        "direction": 4,
        "deadline": "2024-08-01",
        "github_link": "https://github.com/task",
        "link_to_solution": null
    }
},
{
    "model": "workspace.task",
    "pk": 45,
    "fields": {
        "project": 5,
        "title": "Manual Testing for Feature Y",
        "description": "Perform manual testing for the recently implemented Feature Y.",
        "task_type": 5,
        "status": "done",
        "stage_of_execution": 100,
        "execution_status": 100,
        "assigned_to": 27,
        "created_at": "2024-07-20T10:00:00Z",
        "direction": 5,
        "deadline": "2024-08-05",
        "github_link": "https://github.com/task",
        "link_to_solution": ""
    }
},
{
    "model": "workspace.task",
    "pk": 46,
    "fields": {
        "project": 6,
        "title": "Implement Dark Mode Toggle",
        "description": "Add a toggle for dark mode functionality.",
        "task_type": 1,
        "status": "to_do",
        "stage_of_execution": 25,
        "execution_status": 0,
        "assigned_to": null,
        "created_at": "2024-07-25T10:00:00Z",
        "direction": 1,
        "deadline": "2024-08-15",
        "github_link": "https://github.com/task",
        "link_to_solution": null
    }
},
{
    "model": "workspace.task",
    "pk": 47,
    "fields": {
        "project": 7,
        "title": "Implement Caching for API Responses",
        "description": "Add caching layer to frequently accessed API endpoints.",
        "task_type": 1,
        "status": "in_progress",
        "stage_of_execution": 50,
        "execution_status": 30,
        "assigned_to": 12,
        "created_at": "2024-08-01T10:00:00Z",
        "direction": 2,
        "deadline": "2024-08-20",
        "github_link": "https://github.com/task",
        "link_to_solution": null
    }
},
{
    "model": "workspace.task",
    "pk": 48,
    "fields": {
        "project": 8,
        "title": "User Persona Creation",
        "description": "Develop detailed user personas based on research.",
        "task_type": 4,
        "status": "done",
        "stage_of_execution": 100,
        "execution_status": 100,
        "assigned_to": 4,
        "created_at": "2024-08-05T10:00:00Z",
        "direction": 6,
        "deadline": "2024-08-12",
        "github_link": "https://github.com/task",
        "link_to_solution": "https://github.com/solution"
    }
},
{
    "model": "workspace.task",
    "pk": 49,
    "fields": {
        "project": 9,
        "title": "Document New Workflow Process",
        "description": "Write documentation for the improved workflow process.",
        "task_type": 4,
        "status": "to_do",
        "stage_of_execution": 25,
        "execution_status": 0,
        "assigned_to": null,
        "created_at": "2024-08-10T10:00:00Z",
        "direction": 4,
        "deadline": "2024-08-25",
        "github_link": "https://github.com/task",
        "link_to_solution": null
    }
},
{
    "model": "workspace.task",
    "pk": 50,
    "fields": {
        "project": 10,
        "title": "Automated UI Testing Setup",
        "description": "Set up automated UI testing with Selenium/Cypress.",
        "task_type": 5,
        "status": "in_progress",
        "stage_of_execution": 50,
        "execution_status": 50,
        "assigned_to": 26,
        "created_at": "2024-08-15T10:00:00Z",
        "direction": 5,
        "deadline": "2024-09-01",
        "github_link": "https://github.com/task",
        "link_to_solution": null
    }
},
{
    "model": "workspace.task",
    "pk": 51,
    "fields": {
        "project": 1,
        "title": "Implement Product Detail Page UI",
        "description": "Develop the responsive user interface for the product detail page according to the approved design mockups, including product information, image gallery, and add-to-cart button.",
        "task_type": 1,
        "status": "done",
        "stage_of_execution": 100,
        "execution_status": 100,
        "assigned_to": 2,
        "created_at": "2025-05-04T20:50:22.498Z",
        "direction": 1,
        "deadline": "2026-05-07",
        "github_link": "https://github.com/task",
        "link_to_solution": "https://github.com/solution"
    }
},
{
    "model": "workspace.task",
    "pk": 52,
    "fields": {
        "project": 6,
        "title": "Implement Responsive Navigation Bar",
        "description": "Develop a responsive navigation bar component that adapts correctly for desktop, tablet, and mobile screen sizes. Ensure it includes links to Projects, My Tasks, and Account, and collapses into a hamburger menu on smaller screens based on the provided design specifications.",
        "task_type": 1,
        "status": "done",
        "stage_of_execution": 100,
        "execution_status": 100,
        "assigned_to": 2,
        "created_at": "2025-05-05T14:02:32.876Z",
        "direction": 1,
        "deadline": "2026-05-07",
        "github_link": "https://github.com/task",
        "link_to_solution": "https://github.com/solution"
    }
},
{
    "model": "workspace.archive",
    "pk": 1,
    "fields": {
        "task": 4,
        "worker": 10,
        "project": 1,
        "end_date": "2024-04-18"
    }
},
{
    "model": "workspace.archive",
    "pk": 2,
    "fields": {
        "task": 6,
        "worker": 12,
        "project": 2,
        "end_date": "2024-04-30"
    }
},
{
    "model": "workspace.archive",
    "pk": 3,
    "fields": {
        "task": 8,
        "worker": 14,
        "project": 2,
        "end_date": "2024-04-25"
    }
},
{
    "model": "workspace.archive",
    "pk": 4,
    "fields": {
        "task": 11,
        "worker": 17,
        "project": 3,
        "end_date": "2024-04-30"
    }
},
{
    "model": "workspace.archive",
    "pk": 5,
    "fields": {
        "task": 15,
        "worker": 22,
        "project": 4,
        "end_date": "2024-04-30"
    }
},
{
    "model": "workspace.archive",
    "pk": 6,
    "fields": {
        "task": 18,
        "worker": 25,
        "project": 5,
        "end_date": "2024-05-08"
    }
},
{
    "model": "workspace.archive",
    "pk": 7,
    "fields": {
        "task": 27,
        "worker": 24,
        "project": 9,
        "end_date": "2024-05-30"
    }
},
{
    "model": "workspace.archive",
    "pk": 8,
    "fields": {
        "task": 33,
        "worker": 12,
        "project": 12,
        "end_date": "2024-06-15"
    }
},
{
    "model": "workspace.archive",
    "pk": 9,
    "fields": {
        "task": 37,
        "worker": 22,
        "project": 14,
        "end_date": "2024-06-22"
    }
},
{
    "model": "workspace.archive",
    "pk": 10,
    "fields": {
        "task": 48,
        "worker": 4,
        "project": 8,
        "end_date": "2024-08-12"
    }
},
{
    "model": "workspace.archive",
    "pk": 11,
    "fields": {
        "task": 3,
        "worker": 9,
        "project": 1,
        "end_date": "2024-04-22"
    }
},
{
    "model": "workspace.archive",
    "pk": 12,
    "fields": {
        "task": 10,
        "worker": 25,
        "project": 2,
        "end_date": "2024-05-18"
    }
},
{
    "model": "workspace.archive",
    "pk": 13,
    "fields": {
        "task": 25,
        "worker": 19,
        "project": 8,
        "end_date": "2024-05-25"
    }
},
{
    "model": "workspace.archive",
    "pk": 14,
    "fields": {
        "task": 30,
        "worker": 6,
        "project": 10,
        "end_date": "2024-06-18"
    }
},
{
    "model": "workspace.archive",
    "pk": 15,
    "fields": {
        "task": 45,
        "worker": 27,
        "project": 5,
        "end_date": "2024-08-05"
    }
},
{
    "model": "workspace.archive",
    "pk": 18,
    "fields": {
        "task": 1,
        "worker": 2,
        "project": 1,
        "end_date": "2025-05-05"
    }
},
{
    "model": "workspace.archive",
    "pk": 19,
    "fields": {
        "task": null,
        "worker": null,
        "project": 16,
        "end_date": "2025-05-05"
    }
},
{
    "model": "workspace.archive",
    "pk": 20,
    "fields": {
        "task": null,
        "worker": null,
        "project": 18,
        "end_date": "2025-05-05"
    }
},
{
    "model": "workspace.archive",
    "pk": 21,
    "fields": {
        "task": 52,
        "worker": 2,
        "project": 6,
        "end_date": "2025-05-06"
    }
},
{
    "model": "workspace.archive",
    "pk": 23,
    "fields": {
        "task": 45,
        "worker": 27,
        "project": 5,
        "end_date": "2025-05-07"
    }
},
{
    "model": "workspace.archive",
    "pk": 24,
    "fields": {
        "task": 20,
        "worker": 27,
        "project": 5,
        "end_date": "2025-05-07"
    }
}
]
